,countyFIPS,annual_avg_emplvl
2870,1001,10974
3787,1003,74051
5321,1005,8113
6027,1007,4215
6585,1009,8535
7381,1011,2972
7734,1013,6748
8383,1015,44436
9787,1017,8351
10485,1019,5268
11113,1021,9511
11941,1023,3761
12407,1025,8016
13087,1027,4275
13523,1029,2124
13955,1031,15881
14935,1033,23830
16089,1035,3475
16558,1037,1406
16871,1039,12373
17792,1041,3685
18260,1043,28849
19436,1045,16978
20386,1047,12460
21279,1049,21797
22274,1051,19848
23327,1053,12774
24169,1055,36276
25348,1057,4020
25909,1059,10811
26627,1061,5012
27278,1063,1770
27657,1065,2732
28153,1067,3339
28711,1069,48045
30040,1071,15893
30997,1073,349955
33004,1075,3457
33511,1077,29738
34731,1079,4901
35372,1081,58997
36755,1083,23979
37799,1085,2354
38192,1087,4750
38685,1089,200339
40474,1091,7084
41176,1093,9990
41884,1095,37023
43123,1097,171077
44994,1099,6126
45631,1101,131023
47393,1103,48357
48733,1105,2121
49100,1107,3814
49653,1109,14255
50420,1111,4824
51017,1113,14063
51892,1115,19780
52928,1117,85040
54457,1119,2919
54935,1121,29683
56027,1123,12961
56868,1125,94506
58368,1127,18311
59378,1129,3585
59835,1131,2815
60315,1133,7878
60981,1999,53319
64778,2013,2183
64992,2016,3328
65354,2020,148160
67039,2050,6967
67501,2060,1300
67794,2068,2066
68107,2070,2561
68441,2090,36722
69803,2100,996
70203,2105,794
70492,2110,17308
71502,2122,19492
72668,2130,7325
73447,2150,5881
74133,2158,2262
74332,2164,973
74548,2170,23312
75796,2180,3849
76266,2185,11897
76713,2188,2878
77057,2195,1209
77486,2198,2215
77889,2220,4170
78529,2230,957
78833,2240,2486
79371,2261,4890
80002,2275,852
80316,2282,268
80495,2290,2296
80834,2999,1483
84460,4001,18029
85272,4003,33994
86592,4005,62682
88124,4007,14868
89079,4009,9148
89884,4011,4890
90184,4012,5816
90795,4013,1993417
93371,4015,50290
94805,4017,26677
95948,4019,368438
98008,4021,62137
99529,4023,13305
100497,4025,64683
102127,4027,67639
103630,4999,30085
107919,5001,9784
108748,5003,6680
109456,5005,14974
110497,5007,119780
112109,5009,14063
113159,5011,3816
113693,5013,3030
113965,5015,10658
114801,5017,3051
115292,5019,9383
116077,5021,3306
116592,5023,6325
117371,5025,1066
117677,5027,7948
118455,5029,6384
119228,5031,51051
120562,5033,19530
121624,5035,16113
122585,5037,4823
123244,5039,2690
123699,5041,4700
124260,5043,6445
124986,5045,40539
126316,5047,4670
126922,5049,1981
127355,5051,37201
128703,5053,4168
129243,5055,15506
130223,5057,7875
131008,5059,8248
131741,5061,6937
132316,5063,15919
133291,5065,3078
133773,5067,5159
134437,5069,27608
135641,5071,8561
136343,5073,1193
136719,5075,3968
137316,5077,1920
137696,5079,2820
138130,5081,3359
138629,5083,5322
139279,5085,14013
140278,5087,3339
140785,5089,3754
141303,5091,12918
142212,5093,17706
143141,5095,2045
143601,5097,1343
144024,5099,2472
144440,5101,1056
144719,5103,6903
145463,5105,1152
145843,5107,5494
146544,5109,2623
147035,5111,5254
147641,5113,5884
148402,5115,25993
149620,5117,1468
150026,5119,251108
152060,5121,5707
152727,5123,7377
153459,5125,24697
154627,5127,3060
155028,5129,1531
155411,5131,65429
156952,5133,4856
157492,5135,3598
158109,5137,2677
158668,5139,17409
159684,5141,3534
160254,5143,107947
161845,5145,23889
163003,5147,1712
163375,5149,6543
163961,5999,34904
168595,6001,786038
170843,6003,783
171051,6005,12267
171990,6007,83903
173590,6009,9656
174510,6011,9260
175187,6013,368450
177226,6015,8222
177952,6017,57786
179462,6019,390344
181539,6021,9093
182280,6023,50307
183810,6025,62879
185156,6027,7535
185935,6029,324971
187937,6031,47998
189118,6033,16483
190120,6035,9911
190926,6037,4445762
193571,6039,50197
194902,6041,115817
196575,6043,5583
197227,6045,32695
198574,6047,80540
199983,6049,2503
200480,6051,7371
201186,6053,195650
203013,6055,78965
204404,6057,31715
205819,6059,1627009
208189,6061,168419
209989,6063,6425
210727,6065,738092
213036,6067,664745
215276,6069,16945
216259,6071,752120
218639,6073,1464125
221073,6075,740879
223061,6077,253099
225018,6079,118320
226801,6081,404242
228740,6083,199915
230742,6085,1098089
232892,6087,104816
234612,6089,66612
236209,6091,502
236487,6093,13878
237508,6095,141574
239347,6097,210146
241334,6099,190801
243163,6101,31212
244371,6103,18616
245370,6105,2728
245887,6107,164037
247581,6109,17515
248672,6111,326879
250777,6113,104005
252374,6115,17920
253404,6999,389507
258420,8001,213341
260175,8003,8285
261008,8005,331829
262884,8007,4261
263625,8009,1092
263929,8011,1085
264235,8013,183538
266028,8014,39604
267222,8015,8088
268184,8017,684
268467,8019,3110
269057,8021,1516
269428,8023,933
269700,8025,1090
269891,8027,826
270288,8029,8530
271253,8031,519092
273277,8033,540
273561,8035,125679
275102,8037,33268
276290,8039,3712
277033,8041,276458
278975,8043,13633
279948,8045,26260
281164,8047,4843
281537,8049,7764
282346,8051,8636
283276,8053,280
283496,8055,1718
283950,8057,591
284228,8059,238873
286086,8061,476
286276,8063,2821
286782,8065,2333
287263,8067,26361
288607,8069,162297
290426,8071,4966
291125,8073,2260
291516,8075,7988
292310,8077,62700
293880,8079,605
294104,8081,4771
294848,8083,9236
295810,8085,15332
296990,8087,12528
297880,8089,6122
298632,8091,1881
299199,8093,2521
299898,8095,1673
300283,8097,16534
301136,8099,4472
301782,8101,61333
303233,8103,2774
303703,8105,4082
304330,8107,15414
305468,8109,1606
305850,8111,325
306099,8113,5460
306799,8115,780
307106,8117,21728
308130,8119,7401
308967,8121,1226
309352,8123,110163
311032,8125,4099
311621,8999,20607
315248,9001,420677
317261,9003,510811
319352,9005,61496
321010,9007,68827
322625,9009,366907
324668,9011,123881
326409,9013,41068
327742,9015,38584
329142,9999,41675
332487,10001,66719
333954,10003,290391
335782,10005,81813
337289,10999,8153
339823,11001,771742
341481,11999,8
344451,12001,132008
346097,12003,7618
346730,12005,77736
348355,12007,6635
349099,12009,215206
351109,12011,812164
353336,12013,2859
353824,12015,47548
355270,12017,32471
356555,12019,52105
357941,12021,147505
359674,12023,24226
360804,12027,8945
361612,12029,2637
362094,12031,514380
364190,12033,135555
365930,12035,23781
367139,12037,3376
367709,12039,13584
368588,12041,3382
369172,12043,1845
369604,12045,3654
370228,12047,3031
370701,12049,7072
371431,12051,11856
372306,12053,43931
373680,12055,27867
374915,12057,686050
377174,12059,3368
377809,12061,52594
379281,12063,14362
380265,12065,2526
380833,12067,1300
381196,12069,98705
382861,12071,261782
384835,12073,151280
386497,12075,9042
387460,12077,1837
387781,12079,4302
388411,12081,124279
390255,12083,103537
391958,12085,68035
393541,12086,1144432
395926,12087,40285
397362,12089,22960
398608,12091,84327
400267,12093,11399
401192,12095,848915
403308,12097,95106
404806,12099,606403
406994,12101,119364
408724,12103,434582
410770,12105,220809
412665,12107,16286
413756,12109,76665
415386,12111,77252
416982,12113,38485
418396,12115,171108
420237,12117,194887
422042,12119,29771
423189,12121,11425
424089,12123,6590
424783,12125,3373
425217,12127,173345
427025,12129,5741
427730,12131,26131
428959,12133,5937
429656,12999,289097
434736,13001,6850
435374,13003,2221
435696,13005,3842
436206,13007,427
436403,13009,15564
437245,13011,4509
437749,13013,19377
438749,13015,38736
440066,13017,5546
440678,13019,3665
441196,13021,82456
442711,13023,2686
443117,13025,2399
443528,13027,3170
444060,13029,8843
444815,13031,25917
445893,13033,12578
446492,13035,6954
447066,13037,1064
447370,13039,14175
448240,13043,3017
448699,13045,40783
449938,13047,15213
450825,13049,1920
451218,13051,155386
452928,13053,2372
453207,13055,6252
453752,13057,61247
455255,13059,70952
456599,13061,503
456803,13063,121924
458123,13065,2221
458494,13067,364589
460402,13069,17516
461308,13071,14686
462269,13073,34371
463351,13075,4323
463995,13077,39708
465274,13079,1341
465608,13081,8159
466354,13083,3868
466862,13085,9275
467626,13087,8665
468438,13089,301013
470281,13091,5067
470887,13093,3729
471268,13095,47788
472525,13097,44414
473746,13099,4408
474241,13101,668
474409,13103,10528
475226,13105,5721
475848,13107,6499
476506,13109,4446
477015,13111,6535
477770,13113,44495
479111,13115,39438
480345,13117,75308
481854,13119,7874
482505,13121,875091
484606,13123,6874
485378,13125,417
485544,13127,38752
486845,13129,22597
487781,13131,5991
488486,13133,6303
489202,13135,354014
491082,13137,14550
491958,13139,88241
493481,13141,1508
493732,13143,6820
494386,13145,5227
494992,13147,6859
495670,13149,2029
496043,13151,61088
497344,13153,60902
498599,13155,1967
498988,13157,27673
500051,13159,2268
500473,13161,4185
500963,13163,4845
501557,13165,1354
501892,13167,1569
502208,13169,4037
502764,13171,3473
503279,13173,1437
503590,13175,18698
504552,13177,6395
505204,13179,18752
506135,13181,1287
506501,13183,1011
506717,13185,49208
508125,13187,7434
508879,13189,6854
509569,13191,1775
509979,13193,2757
510405,13195,3248
510968,13197,1063
511256,13199,4744
511864,13201,1727
512272,13205,6637
512954,13207,7732
513613,13209,1582
513950,13211,7167
514670,13213,9010
515278,13215,93978
516777,13217,25334
517879,13219,12920
518739,13221,1655
519172,13223,23929
520295,13225,9703
521023,13227,7899
521857,13229,4063
522437,13231,2996
522959,13233,11216
523701,13235,2778
524112,13237,5715
524814,13239,370
524970,13241,5183
525621,13243,1858
526025,13245,105417
527552,13247,32445
528723,13249,982
528957,13251,3345
529436,13253,2236
529882,13255,22333
530904,13257,9103
531675,13259,1339
531942,13261,10817
532766,13263,781
533007,13265,210
533128,13267,5865
533657,13269,1588
534006,13271,3009
534427,13273,2194
534887,13275,20233
536025,13277,20027
537018,13279,11846
537833,13281,3313
538319,13283,1069
538624,13285,39025
539742,13287,1943
540106,13289,2635
540410,13291,6785
541156,13293,6650
541790,13295,13177
542617,13297,23173
543711,13299,15677
544635,13301,1527
544921,13303,6498
545550,13305,7988
546272,13307,481
546440,13309,1101
546645,13311,8824
547451,13313,56490
548603,13315,1075
548888,13317,2873
549368,13319,3535
549732,13321,3208
550268,13999,135376
554471,15001,71214
556033,15003,475007
558027,15007,32583
559390,15009,78202
560909,15999,1336
563869,16001,244681
565932,16003,1022
566379,16005,33827
567680,16007,1635
568168,16009,3457
568809,16011,15233
569813,16013,13033
570916,16015,1631
571364,16017,14208
572564,16019,51839
574080,16021,3648
574798,16023,7981
575192,16025,360
575420,16027,68044
577010,16029,3311
577616,16031,11083
578514,16033,440
578703,16035,2612
579307,16037,1492
579821,16039,7085
580665,16041,3594
581299,16043,3017
581883,16045,3696
582587,16047,6086
583257,16049,4241
584007,16051,6856
584802,16053,10366
585590,16055,62231
587302,16057,13809
588273,16059,2515
588905,16061,1644
589356,16063,1691
589754,16065,15620
590703,16067,8017
591459,16069,21002
592627,16071,1267
593000,16073,3154
593519,16075,6366
594320,16077,3412
594809,16079,4502
595461,16081,3383
596176,16083,39270
597558,16085,4749
598275,16087,2771
598853,16999,10833
603377,17001,33312
604579,17003,1149
604858,17005,4650
605420,17007,19088
606307,17009,4220
606678,17011,11873
607521,17013,780
607769,17015,3847
608448,17017,5513
608944,17019,90419
610409,17021,10030
611190,17023,4597
611765,17025,5336
612337,17027,12268
613170,17029,23786
614116,17031,2592847
616489,17033,7009
617151,17035,2769
617590,17037,38012
618873,17039,5073
619427,17041,7456
620130,17043,616701
622180,17045,7039
622748,17047,2255
623132,17049,21991
624158,17051,5358
624824,17053,4638
625400,17055,9005
626223,17057,8122
626978,17059,1201
627286,17061,2341
627699,17063,19713
628655,17065,2044
629109,17067,4118
629684,17069,654
629898,17071,1073
630214,17073,13772
631139,17075,7799
631853,17077,24712
632909,17079,2029
633330,17081,20076
634255,17083,5096
634870,17085,7292
635669,17087,2217
636063,17089,213005
637938,17091,44642
639254,17093,28586
640433,17095,17750
641412,17097,338901
643348,17099,42404
644676,17101,4550
645163,17103,13156
645990,17105,13552
646875,17107,9183
647558,17109,10765
648324,17111,97524
650018,17113,82946
651381,17115,49601
652675,17117,10468
653472,17119,100825
655048,17121,12941
655923,17123,2851
656353,17125,3008
656856,17127,3073
657299,17129,1724
657743,17131,3140
658242,17133,8821
659055,17135,8723
659881,17137,13925
660722,17139,5082
661271,17141,15724
662207,17143,105657
663712,17145,4688
664305,17147,3586
664857,17149,4047
665445,17151,527
665671,17153,1708
665968,17155,1835
666323,17157,12156
667079,17159,5993
667752,17161,74124
669188,17163,92418
670821,17165,7832
671551,17167,129914
673111,17169,1557
673490,17171,973
673738,17173,5221
674375,17175,1361
674703,17177,17560
675698,17179,48214
677000,17181,4971
677597,17183,26529
678701,17185,3289
679213,17187,6551
679773,17189,6841
680368,17191,3714
680938,17193,4321
681458,17195,21048
682459,17197,245803
684390,17199,27919
685469,17201,126796
687082,17203,9662
687853,17999,136355
692646,18001,13883
693460,18003,188032
695242,18005,51172
696460,18007,2453
696886,18009,3321
697367,18011,29607
698554,18013,2937
699103,18015,5328
699661,18017,14843
700512,18019,53572
701863,18021,7792
702576,18023,10936
703313,18025,1885
703670,18027,11977
704497,18029,14045
705452,18031,14124
706314,18033,21890
707285,18035,45261
708547,18037,29054
709588,18039,137512
711136,18041,6388
711812,18043,30602
713013,18045,4778
713609,18047,4353
714223,18049,6362
714910,18051,20705
715738,18053,27417
716753,18055,6396
717467,18057,141940
719022,18059,24126
720144,18061,10408
720977,18063,71786
722323,18065,13513
723194,18067,39176
724265,18069,13629
725194,18071,21637
726100,18073,11743
726896,18075,7327
727582,18077,12333
728402,18079,7516
729036,18081,55069
730385,18083,17565
731364,18085,38934
732610,18087,14527
733541,18089,187819
735278,18091,40297
736554,18093,13756
737422,18095,39753
738688,18097,598427
740765,18099,18513
741811,18101,7311
742296,18103,9341
743141,18105,63258
744474,18107,15286
745371,18109,15716
746367,18111,3237
746832,18113,18545
747767,18115,1347
748063,18117,7439
748661,18119,4832
749225,18121,3173
749783,18123,6471
750446,18125,2746
750885,18127,60775
752304,18129,8652
753042,18131,4772
753573,18133,13531
754440,18135,6547
755166,18137,12266
755961,18139,5015
756612,18141,123222
758253,18143,8408
758886,18145,18409
759841,18147,6853
760562,18149,4518
761141,18151,15907
762133,18153,5612
762794,18155,2128
763175,18157,84991
764568,18159,5245
765120,18161,1323
765454,18163,109361
767034,18165,4279
767572,18167,48312
768880,18169,12095
769717,18171,1872
770044,18173,16268
771014,18175,6187
771679,18177,30546
772786,18179,10792
773590,18181,9204
774381,18183,12758
775227,18999,76914
779722,19001,2798
780254,19003,0
780667,19005,5112
781403,19007,4455
782038,19009,1775
782483,19011,5972
783233,19013,74644
784734,19015,9119
785587,19017,9965
786399,19019,6649
787153,19021,11004
787992,19023,3448
788602,19025,2900
789106,19027,11408
790029,19029,6079
790765,19031,5415
791498,19033,24755
792730,19035,4701
793390,19037,4880
794042,19039,4481
794548,19041,8638
795462,19043,6805
796228,19045,20594
797296,19047,6858
797951,19049,45160
799176,19051,2039
799694,19053,2431
800183,19055,6592
800945,19057,22049
802098,19059,9565
803019,19061,58834
804507,19063,3843
805100,19065,7221
805853,19067,6215
806580,19069,3944
807194,19071,2240
807664,19073,3362
808264,19075,4074
808802,19077,3110
809391,19079,5852
810095,19081,6412
810682,19083,7025
811478,19085,4109
812097,19087,9432
812908,19089,4252
813511,19091,3965
814106,19093,3809
814622,19095,10280
815431,19097,6345
816266,19099,11396
817223,19101,7709
818076,19103,83916
819482,19105,6250
820235,19107,2180
820728,19109,6877
821477,19111,15330
822473,19113,130637
824138,19115,3879
824618,19117,3518
825138,19119,4615
825798,19121,3877
826547,19123,7949
827373,19125,17637
828343,19127,16847
829371,19129,3608
830031,19131,3962
830689,19133,2635
831188,19135,3449
831742,19137,4087
832376,19139,23292
833415,19141,6584
834140,19143,2423
834611,19145,6275
835309,19147,3879
835882,19149,11574
836721,19151,3122
837234,19153,301968
839240,19155,39707
840546,19157,10400
841351,19159,1437
841770,19161,3025
842319,19163,90845
843898,19165,5804
844551,19167,20804
845530,19169,46492
846856,19171,5620
847492,19173,2058
847853,19175,6151
848568,19177,1979
848981,19179,16182
849970,19181,11556
850935,19183,8206
851773,19185,1858
852182,19187,18098
853268,19189,4231
853855,19191,10373
854757,19193,51841
856163,19195,2343
856650,19197,5591
857319,19999,0
859930,20001,5673
860591,20003,2060
861096,20005,5623
861795,20007,1646
862255,20009,11985
863178,20011,6420
863839,20013,5223
864454,20015,18780
865554,20017,934
865834,20019,734
866148,20021,5833
866806,20023,872
867168,20025,721
867445,20027,2998
868029,20029,3118
868569,20031,3719
869101,20033,632
869427,20035,14172
870303,20037,17051
871287,20039,940
871645,20041,6365
872382,20043,2289
872868,20045,49203
874242,20047,963
874594,20049,601
874873,20051,15192
875870,20053,2265
876313,20055,19515
877303,20057,17052
878253,20059,9304
879092,20061,12860
879957,20063,1229
880294,20065,864
880625,20067,2919
881126,20069,3290
881600,20071,644
881859,20073,1700
882308,20075,1423
882615,20077,2310
883075,20079,13933
883961,20081,1774
884322,20083,564
884602,20085,4187
885168,20087,3655
885805,20089,754
886087,20091,349302
887978,20093,1444
888320,20095,2354
888791,20097,1129
889140,20099,9047
889870,20101,637
890140,20103,21052
891259,20105,949
891591,20107,2002
892125,20109,1266
892475,20111,15020
893441,20113,14838
894419,20115,3583
895021,20117,4544
895636,20119,1686
896048,20121,8499
896943,20123,3172
897461,20125,14464
898426,20127,1537
898854,20129,835
899168,20131,5122
899771,20133,6140
900511,20135,1093
900858,20137,2364
901350,20139,2807
901931,20141,1476
902361,20143,1259
902776,20145,2747
903248,20147,2461
903782,20149,9760
904585,20151,4570
905189,20153,930
905551,20155,26522
906795,20157,1924
907258,20159,3938
907805,20161,29077
908947,20163,1806
909366,20165,1085
909680,20167,2488
910217,20169,30030
911387,20171,2285
911886,20173,250769
913779,20175,10640
914543,20177,96733
916108,20179,967
916456,20181,2447
916966,20183,1279
917372,20185,1209
917771,20187,836
918047,20189,1814
918459,20191,6814
919157,20193,4044
919818,20195,1194
920192,20197,1341
920614,20199,534
920882,20201,2018
921362,20203,911
921682,20205,3670
922196,20207,710
922494,20209,90469
923978,20999,23492
927847,21001,4509
928510,21003,4619
929085,21005,4797
929750,21007,1467
930169,21009,16762
931174,21011,1876
931582,21013,8191
932336,21015,93013
933900,21017,6543
934587,21019,24315
935699,21021,14011
936648,21023,1335
937007,21025,3004
937463,21027,3500
938046,21029,25794
939045,21031,2902
939601,21033,4136
940239,21035,16390
941252,21037,30279
942491,21039,1046
942828,21041,6988
943438,21043,5447
944135,21045,3886
944694,21047,30949
946040,21049,14747
946984,21051,3969
947497,21053,3850
948045,21055,1996
948484,21057,1865
948894,21059,46411
950337,21061,1588
950746,21063,914
951016,21065,2346
951511,21067,193467
953312,21069,3013
953867,21071,10457
954724,21073,31742
955955,21075,2046
956389,21077,2461
956773,21079,2164
957336,21081,4872
958034,21083,11026
958993,21085,7929
959775,21087,1697
960210,21089,7756
960946,21091,4002
961384,21093,47828
962757,21095,6115
963407,21097,4910
964025,21099,5220
964581,21101,19476
965647,21103,2718
966166,21105,951
966458,21107,16562
967478,21109,1606
967856,21111,467983
969946,21113,17037
971011,21115,5180
971704,21117,66652
973204,21119,2255
973615,21121,7910
974334,21123,2530
974818,21125,26723
975877,21127,3329
976368,21129,1668
976750,21131,1601
977066,21133,4460
977618,21135,1924
978037,21137,4003
978658,21139,2509
979098,21141,8877
979907,21143,2495
980403,21145,38706
981725,21147,2597
982161,21149,2079
982604,21151,34116
983853,21153,1572
984260,21155,8700
984941,21157,11050
985854,21159,2280
986233,21161,8508
986987,21163,4246
987614,21165,934
987906,21167,6225
988628,21169,1841
989067,21171,3188
989588,21173,10356
990440,21175,2891
990914,21177,8069
991720,21179,15983
992741,21181,848
993043,21183,7795
993697,21185,16046
994812,21187,1398
995173,21189,664
995404,21191,2361
995881,21193,11174
996661,21195,20740
997635,21197,2623
998118,21199,25543
999298,21201,302
999474,21203,3845
999976,21205,10352
1000775,21207,5780
1001417,21209,26709
1002447,21211,16999
1003551,21213,9030
1004326,21215,1982
1004856,21217,11871
1005730,21219,2205
1006267,21221,3079
1006835,21223,1129
1007213,21225,4900
1007821,21227,64618
1009335,21229,3334
1009902,21231,5806
1010497,21233,3130
1010970,21235,11790
1011811,21237,1206
1012147,21239,9033
1013025,21999,26420
1017538,22001,14469
1018632,22003,7597
1019318,22005,45708
1020718,22007,3881
1021279,22009,10553
1022205,22011,8100
1023073,22013,4407
1023616,22015,44381
1025099,22017,111979
1026923,22019,101874
1028599,22021,2326
1029084,22023,11904
1029509,22025,2001
1029974,22027,3371
1030492,22029,5242
1031173,22031,6926
1031935,22033,267593
1034041,22035,1730
1034494,22037,5008
1035122,22039,7708
1035913,22041,4702
1036583,22043,3419
1037088,22045,26334
1038372,22047,17248
1039278,22049,3426
1039830,22051,189665
1041705,22053,8324
1042552,22055,130603
1044384,22057,34132
1045690,22059,4487
1046312,22061,19239
1047461,22063,28012
1048742,22065,3164
1049280,22067,6633
1050057,22069,13299
1051102,22071,196659
1053100,22073,70503
1054750,22075,12357
1055607,22077,5271
1056341,22079,56716
1057908,22081,2810
1058376,22083,6550
1059119,22085,5317
1059841,22087,10182
1060776,22089,23600
1061902,22091,1462
1062261,22093,8138
1062937,22095,15107
1063950,22097,23615
1065199,22099,12119
1066195,22101,21357
1067375,22103,89105
1069188,22105,43633
1070685,22107,917
1071039,22109,49809
1072508,22111,5145
1073134,22113,12642
1074186,22115,12638
1075181,22117,10442
1076052,22119,11725
1077001,22121,12137
1077908,22123,2378
1078376,22125,5539
1078940,22127,4598
1079521,22999,29589
1083225,23001,49282
1084623,23003,26820
1085830,23005,185438
1087707,23007,10625
1088570,23009,22547
1089779,23011,60246
1091290,23013,17587
1092457,23015,10963
1093474,23017,16824
1094559,23019,69878
1096159,23021,5596
1096870,23023,15617
1097864,23025,16082
1098881,23027,11850
1099909,23029,10105
1100832,23031,73067
1102486,23999,12744
1106160,24001,29038
1107243,24003,273601
1109106,24005,380537
1110948,24009,22710
1112000,24011,9821
1112793,24013,58110
1114203,24015,32275
1115404,24017,41392
1116581,24019,10880
1117436,24021,103232
1118989,24023,11829
1119912,24025,95060
1121449,24027,172273
1123072,24029,7993
1123908,24031,470884
1125689,24033,320443
1127502,24035,15084
1128579,24037,44721
1129701,24039,6719
1130361,24041,19390
1131450,24043,65708
1132876,24045,45357
1134174,24047,24975
1135269,24510,343996
1137201,24999,73038
1141894,25001,97408
1143568,25003,61266
1145062,25005,228565
1147073,25007,9016
1147974,25009,325671
1150006,25011,26852
1151327,25013,209706
1153222,25015,65818
1154718,25017,924133
1156997,25019,7577
1157754,25021,354053
1159716,25023,194800
1161628,25025,680021
1163556,25027,350313
1165640,25999,50836
1169718,26001,1763
1170123,26003,2521
1170578,26005,39348
1171940,26007,11337
1172885,26009,5364
1173583,26011,4527
1174128,26013,2916
1174588,26015,12479
1175530,26017,33710
1176822,26019,4298
1177488,26021,61350
1178999,26023,14328
1179960,26025,54787
1181272,26027,9485
1182135,26029,10527
1182985,26031,6471
1183821,26033,12428
1184776,26035,6776
1185457,26037,16589
1186492,26039,4127
1187016,26041,13762
1188058,26043,14092
1189011,26045,42761
1190244,26047,18110
1191337,26049,134488
1193004,26051,4083
1193585,26053,5337
1194249,26055,49968
1195765,26057,12739
1196595,26059,12775
1197450,26061,11052
1198355,26063,11146
1199263,26065,151451
1200919,26067,19799
1201837,26069,7524
1202562,26071,3759
1203138,26073,28817
1204222,26075,57217
1205572,26077,119847
1207178,26079,4182
1207712,26081,402300
1209685,26083,429
1209901,26085,1624
1210247,26087,21415
1211416,26089,6454
1212191,26091,26999
1213398,26093,62025
1214885,26095,1905
1215316,26097,4528
1215912,26099,329713
1217852,26101,7078
1218635,26103,26561
1219807,26105,10540
1220676,26107,13318
1221505,26109,7317
1222184,26111,37391
1223316,26113,3301
1223856,26115,40403
1225141,26117,16120
1226089,26119,2067
1226507,26121,62927
1227941,26123,11861
1228815,26125,736982
1230914,26127,6837
1231616,26129,5877
1232389,26131,1193
1232719,26133,6864
1233335,26135,1566
1233761,26137,10175
1234617,26139,126890
1236305,26141,2722
1236853,26143,5479
1237504,26145,83688
1239035,26147,44153
1240429,26149,24468
1241418,26151,11078
1242275,26153,2695
1242748,26155,15359
1243709,26157,11460
1244602,26159,21500
1245703,26161,213252
1247446,26163,725302
1249619,26165,13445
1250558,26999,134747
1255562,27001,4090
1256237,27003,125589
1257835,27005,14502
1258851,27007,19864
1259966,27009,17249
1260880,27011,1707
1261319,27013,40036
1262609,27015,14096
1263459,27017,13367
1264294,27019,40562
1265563,27021,10443
1266384,27023,5761
1267093,27025,15475
1268097,27027,19201
1269168,27029,2623
1269677,27031,2831
1270180,27033,5013
1270806,27035,29757
1272069,27037,189606
1273859,27039,6111
1274543,27041,18950
1275696,27043,4493
1276285,27045,6024
1277019,27047,12025
1277929,27049,21504
1279028,27051,1910
1279497,27053,929690
1281689,27055,5168
1282332,27057,6147
1283103,27059,11066
1284001,27061,16206
1285035,27063,5131
1285587,27065,3835
1286165,27067,24342
1287298,27069,1492
1287697,27071,4499
1288360,27073,2196
1288826,27075,4183
1289364,27077,1668
1289760,27079,8538
1290584,27081,1683
1291021,27083,14343
1291943,27085,16374
1292881,27087,1883
1293201,27089,2204
1293669,27091,8759
1294465,27093,7308
1295235,27095,9690
1296043,27097,10796
1296963,27099,16394
1297856,27101,2994
1298385,27103,15249
1299272,27105,10496
1300048,27107,1683
1300479,27109,99545
1301901,27111,22911
1303069,27113,10301
1303776,27115,8293
1304553,27117,4522
1305130,27119,12254
1306049,27121,4436
1306674,27123,333453
1308658,27125,1034
1308991,27127,5993
1309722,27129,5893
1310383,27131,25304
1311533,27133,3387
1312097,27135,7929
1312805,27137,98398
1314513,27139,54003
1315891,27141,26134
1317077,27143,4339
1317665,27145,86875
1319168,27147,20980
1320164,27149,5529
1320779,27151,3690
1321339,27153,6440
1321960,27155,1153
1322335,27157,6746
1323023,27159,5521
1323653,27161,5976
1324318,27163,87263
1325842,27165,4402
1326382,27167,1819
1326800,27169,24604
1327889,27171,44063
1329243,27173,4059
1329830,27999,58896
1334389,28001,10628
1335293,28003,14276
1336203,28005,1809
1336577,28007,4552
1337221,28009,965
1337471,28011,11093
1338228,28013,3207
1338687,28015,1148
1339058,28017,5415
1339610,28019,2217
1340006,28021,3458
1340389,28023,2896
1340844,28025,5317
1341459,28027,7668
1342179,28029,6967
1342834,28031,5450
1343390,28033,62546
1344667,28035,40500
1345830,28037,1551
1346174,28039,4935
1346753,28041,1921
1347061,28043,10646
1347833,28045,13304
1348709,28047,85614
1350260,28049,120145
1351906,28051,3466
1352364,28053,2272
1352728,28055,189
1352860,28057,6075
1353445,28059,48611
1354672,28061,4009
1355087,28063,1038
1355322,28065,1596
1355687,28067,27086
1356724,28069,2213
1357066,28071,24335
1358078,28073,19177
1359052,28075,32868
1360269,28077,2422
1360647,28079,5124
1361143,28081,53724
1362415,28083,14550
1363258,28085,12185
1364104,28087,25077
1365335,28089,55416
1366664,28091,7923
1367375,28093,7145
1368069,28095,9681
1368834,28097,2342
1369287,28099,11985
1370017,28101,5556
1370603,28103,2509
1371038,28105,20428
1371941,28107,10366
1372706,28109,10432
1373577,28111,2099
1373932,28113,14781
1374840,28115,12516
1375527,28117,7455
1376221,28119,964
1376549,28121,62354
1377942,28123,13695
1378616,28125,1197
1378960,28127,7146
1379562,28129,2758
1379953,28131,4405
1380487,28133,8235
1381094,28135,2875
1381486,28137,5568
1382114,28139,6552
1382697,28141,6368
1383332,28143,8028
1383786,28145,11121
1384520,28147,2422
1384969,28149,19725
1385966,28151,16637
1387004,28153,4962
1387570,28155,1958
1387954,28157,1629
1388290,28159,4947
1388884,28161,2914
1389314,28163,6397
1389992,28999,33049
1394230,29001,10296
1395063,29003,2555
1395663,29005,1656
1396069,29007,8994
1396934,29009,14551
1397849,29011,3215
1398441,29013,3582
1399096,29015,3527
1399692,29017,1813
1400115,29019,93986
1401658,29021,47157
1402991,29023,18195
1404040,29025,1898
1404459,29027,14380
1405456,29029,16321
1406541,29031,41169
1407913,29033,2381
1408473,29035,1484
1408859,29037,26863
1410083,29039,3087
1410701,29041,1859
1411164,29043,17362
1412308,29045,1426
1412715,29047,104308
1414397,29049,4000
1415071,29051,52860
1416368,29053,4961
1417068,29055,6660
1417796,29057,1715
1418178,29059,2418
1418696,29061,1468
1419151,29063,3048
1419603,29065,3857
1420215,29067,2366
1420689,29069,9163
1421458,29071,39144
1422900,29073,5373
1423588,29075,2258
1424015,29077,167262
1425811,29079,3142
1426412,29081,2501
1426974,29083,7339
1427780,29085,1282
1428145,29087,1279
1428538,29089,2599
1429039,29091,15277
1430135,29093,3388
1430649,29095,370836
1432731,29097,57792
1434222,29099,48174
1435727,29101,15380
1436736,29103,1058
1437055,29105,13925
1438008,29107,8575
1438869,29109,9106
1439729,29111,2590
1440180,29113,11815
1441128,29115,3840
1441736,29117,6381
1442531,29119,7083
1443165,29121,5124
1443855,29123,3627
1444396,29125,1234
1444750,29127,13285
1445702,29129,1701
1445984,29131,7195
1446772,29133,3801
1447311,29135,4059
1447910,29137,1883
1448420,29139,2883
1448982,29141,4262
1449731,29143,6887
1450392,29145,20207
1451491,29147,7676
1452254,29149,2252
1452712,29151,3873
1453193,29153,1471
1453617,29155,5322
1454239,29157,9779
1454979,29159,19255
1456044,29161,18318
1457130,29163,5532
1457866,29165,47290
1459198,29167,8615
1460087,29169,13119
1461021,29171,974
1461363,29173,3464
1461893,29175,9409
1462713,29177,4086
1463374,29179,1968
1463751,29181,2758
1464252,29183,147805
1466033,29185,1584
1466449,29186,5683
1467129,29187,23293
1468273,29189,608602
1470395,29195,8702
1471174,29197,590
1471450,29199,1148
1471846,29201,15635
1472929,29203,1416
1473275,29205,1709
1473685,29207,10086
1474552,29209,6753
1475322,29211,2468
1475685,29213,29105
1476793,29215,5518
1477479,29217,6876
1478294,29219,7500
1479076,29221,4894
1479743,29223,2524
1480208,29225,7506
1481034,29227,356
1481279,29229,4047
1481948,29510,229646
1483839,29999,77756
1488023,30001,3862
1488740,30003,4112
1489255,30005,1406
1489687,30007,1454
1490145,30009,2756
1490854,30011,273
1491024,30013,35425
1492445,30015,1183
1492868,30017,5229
1493628,30019,581
1493891,30021,3653
1494561,30023,3189
1495121,30025,1323
1495512,30027,4563
1496255,30029,43952
1497788,30031,58648
1499450,30033,306
1499652,30035,4105
1500246,30037,186
1500373,30039,946
1500739,30041,6821
1501526,30043,2488
1502121,30045,464
1502353,30047,8902
1503343,30049,35635
1504744,30051,514
1505042,30053,5568
1505870,30055,513
1506111,30057,4127
1506741,30059,639
1507044,30061,1133
1507415,30063,60701
1509000,30065,1227
1509411,30067,6147
1510314,30069,94
1510423,30071,1252
1510828,30073,1638
1511307,30075,496
1511584,30077,2374
1512055,30079,295
1512267,30081,11894
1513445,30083,5375
1514218,30085,3554
1514750,30087,3838
1515239,30089,2857
1515880,30091,1279
1516305,30093,15804
1517418,30095,3233
1518003,30097,1483
1518490,30099,1649
1518972,30101,1868
1519414,30103,199
1519554,30105,3021
1520185,30107,626
1520451,30109,256
1520639,30111,81635
1522251,30999,8066
1526031,31001,15339
1526999,31003,2201
1527452,31005,84
1527545,31007,110
1527611,31009,129
1527711,31011,2373
1528145,31013,3806
1528763,31015,600
1529033,31017,1238
1529427,31019,27375
1530537,31021,1800
1530977,31023,2538
1531432,31025,5814
1532204,31027,2614
1532675,31029,1846
1533084,31031,2293
1533613,31033,4582
1534217,31035,2341
1534688,31037,5110
1535135,31039,3698
1535704,31041,4579
1536317,31043,12761
1537007,31045,3161
1537559,31047,11418
1538326,31049,525
1538553,31051,1702
1538878,31053,17314
1539870,31055,339604
1541770,31057,560
1542052,31059,2187
1542529,31061,737
1542787,31063,798
1543024,31065,1984
1543407,31067,9031
1544279,31069,562
1544565,31071,834
1544887,31073,386
1545120,31075,294
1545279,31077,617
1545527,31079,34880
1546745,31081,3637
1547282,31083,859
1547649,31085,201
1547774,31087,650
1548019,31089,4487
1548702,31091,322
1548860,31093,1610
1549267,31095,3312
1549766,31097,1552
1550126,31099,2209
1550540,31101,3279
1551134,31103,143
1551280,31105,1441
1551647,31107,2923
1552145,31109,171353
1553884,31111,14529
1554943,31113,193
1555086,31115,121
1555179,31117,69
1555252,31119,21733
1556352,31121,2322
1556844,31123,1535
1557242,31125,1063
1557614,31127,3063
1558079,31129,1474
1558471,31131,6076
1559169,31133,741
1559453,31135,1145
1559784,31137,4719
1560391,31139,1963
1560834,31141,19019
1561863,31143,1473
1562236,31145,5026
1562930,31147,2482
1563476,31149,486
1563684,31151,7163
1564265,31153,71440
1565661,31155,5412
1566365,31157,16623
1567440,31159,6164
1568064,31161,1744
1568478,31163,812
1568775,31165,153
1568896,31167,1332
1569173,31169,2399
1569605,31171,264
1569768,31173,2932
1570151,31175,1786
1570590,31177,7838
1571352,31179,4185
1571881,31181,1043
1572210,31183,306
1572350,31185,7759
1573088,31999,21680
1576832,32001,8342
1577680,32003,995906
1579869,32005,19675
1581068,32007,22453
1582142,32009,283
1582265,32011,4542
1582437,32013,7569
1583144,32015,3459
1583469,32017,1270
1583816,32019,12112
1584829,32021,1598
1585125,32023,12074
1586066,32027,1949
1586393,32029,17199
1586862,32031,221790
1588802,32033,4201
1589405,32510,29957
1590688,32999,6655
1593843,33001,25900
1595020,33003,20015
1596176,33005,31641
1597413,33007,11969
1598365,33009,54115
1599772,33011,203979
1601593,33013,77472
1603305,33015,149837
1605125,33017,48356
1606475,33019,13967
1607486,33999,21587
1611557,34001,126911
1613148,34003,444513
1615145,34005,201537
1617071,34007,204761
1618930,34009,41610
1620177,34011,58843
1621589,34013,341663
1623599,34015,110526
1625196,34017,263998
1626982,34019,47085
1628405,34021,252507
1630224,34023,430193
1632253,34025,261326
1634172,34027,291402
1636108,34029,168878
1637893,34031,165808
1639729,34033,20883
1640785,34035,187733
1642473,34037,37945
1643854,34039,226708
1645669,34041,32888
1646994,34999,125799
1651606,35001,329965
1653803,35003,649
1654124,35005,21126
1655414,35006,7596
1656151,35007,4503
1656907,35009,16896
1658058,35011,430
1658368,35013,72730
1660053,35015,30379
1661250,35017,9151
1662147,35019,1509
1662499,35021,162
1662632,35023,1665
1663056,35025,31778
1664204,35027,6410
1665098,35028,16333
1665769,35029,7597
1666514,35031,20536
1667547,35033,700
1667872,35035,17258
1669036,35037,2581
1669656,35039,9829
1670586,35041,5900
1671287,35043,30259
1672651,35045,47280
1674083,35047,8107
1674894,35049,61314
1676632,35051,3364
1677235,35053,5183
1677833,35055,10813
1678933,35057,3090
1679540,35059,1323
1680015,35061,15055
1681074,35999,20880
1685361,36001,233634
1687190,36003,13209
1688024,36005,320597
1689683,36007,86158
1691181,36009,28990
1692397,36011,25494
1693611,36013,48633
1695007,36015,35223
1696214,36017,17347
1697171,36019,34480
1698448,36021,21970
1699670,36023,18062
1700635,36025,14652
1701559,36027,113249
1703172,36029,470229
1705282,36031,14620
1706214,36033,18003
1707144,36035,16794
1708143,36037,23436
1709292,36039,14754
1710274,36041,1785
1710643,36043,16668
1711652,36045,41026
1713014,36047,767261
1715017,36049,6550
1715692,36051,20625
1716775,36053,21346
1717879,36055,388737
1719815,36057,19600
1720796,36059,633147
1722807,36061,2464186
1724866,36063,72375
1726445,36065,105610
1728093,36067,245982
1729974,36069,53407
1731399,36071,145122
1733265,36073,12311
1734091,36075,34053
1735302,36077,23660
1736385,36079,26048
1737595,36081,704073
1739510,36083,53759
1740902,36085,122908
1742374,36087,126330
1743987,36089,35730
1745161,36091,88883
1746677,36093,62698
1748074,36095,8959
1748890,36097,4977
1749507,36099,12549
1750368,36101,37083
1751581,36103,661066
1753726,36105,28541
1754837,36107,13375
1755747,36109,50579
1757078,36111,61027
1758605,36113,38240
1759810,36115,15461
1760762,36117,28183
1761975,36119,429127
1763895,36121,13470
1764737,36123,7138
1765533,36999,159643
1770280,37001,61150
1771692,37003,9144
1772405,37005,3175
1772960,37007,7079
1773607,37009,7191
1774366,37011,6856
1775042,37013,15682
1776026,37015,5726
1776542,37017,13117
1777286,37019,32400
1778535,37021,132579
1780295,37023,29165
1781401,37025,77218
1782870,37027,25218
1783925,37029,1208
1784344,37031,23456
1785500,37033,3016
1786011,37035,88303
1787542,37037,14889
1788628,37039,8090
1789434,37041,4637
1790082,37043,2046
1790575,37045,35146
1791817,37047,15058
1792694,37049,39093
1793959,37051,119653
1795471,37053,7136
1796224,37055,19303
1797244,37057,43830
1798593,37059,12846
1799479,37061,19154
1800327,37063,205004
1801860,37065,16065
1802741,37067,186592
1804409,37069,12306
1805362,37071,74606
1806857,37073,1473
1807252,37075,2080
1807649,37077,21111
1808576,37079,4214
1809129,37081,281564
1810980,37083,15478
1811886,37085,25312
1812994,37087,17652
1814036,37089,38800
1815417,37091,9028
1816103,37093,8430
1816807,37095,1895
1817242,37097,73854
1818846,37099,13826
1819719,37101,48718
1821069,37103,1693
1821527,37105,26087
1822624,37107,28483
1823716,37109,23026
1824880,37111,16285
1825749,37113,11169
1826669,37115,3824
1827269,37117,6672
1827947,37119,695619
1830014,37121,4646
1830644,37123,9231
1831342,37125,36097
1832585,37127,40326
1833844,37129,114472
1835436,37131,5311
1835921,37133,48464
1837149,37135,72882
1838481,37137,3329
1839008,37139,15583
1839956,37141,12007
1840955,37143,2122
1841455,37145,9780
1842252,37147,77092
1843698,37149,4956
1844439,37151,44876
1845753,37153,13418
1846653,37155,38585
1847754,37157,25107
1848829,37159,48466
1850232,37161,18334
1851321,37163,18452
1852248,37165,11811
1852988,37167,19219
1854036,37169,7496
1854796,37171,29233
1855937,37173,10086
1856583,37175,9043
1857472,37177,1120
1857770,37179,64041
1859328,37181,14485
1860223,37183,560465
1862173,37185,3055
1862643,37187,3290
1863139,37189,23614
1864196,37191,41979
1865458,37193,21926
1866470,37195,36336
1867640,37197,9900
1868440,37199,4416
1869039,37999,122313
1873180,38001,958
1873552,38003,4518
1874245,38005,1932
1874558,38007,481
1874728,38009,2401
1875255,38011,1483
1875733,38013,710
1876024,38015,55842
1877510,38017,118119
1879221,38019,1403
1879632,38021,1868
1880076,38023,823
1880412,38025,1975
1880793,38027,736
1881086,38029,936
1881462,38031,1631
1881856,38033,644
1882153,38035,40205
1883563,38037,549
1883820,38039,831
1884131,38041,705
1884432,38043,672
1884728,38045,1360
1885133,38047,635
1885399,38049,1272
1885785,38051,1046
1886160,38053,10568
1886807,38055,3442
1887365,38057,4598
1887929,38059,11397
1888855,38061,5954
1889477,38063,972
1889808,38065,713
1890031,38067,3474
1890584,38069,1731
1891036,38071,5700
1891811,38073,2104
1892258,38075,726
1892591,38077,7884
1893361,38079,4381
1893897,38081,3382
1894242,38083,230
1894431,38085,1552
1894668,38087,131
1894755,38089,19381
1895803,38091,590
1896051,38093,11099
1897009,38095,749
1897305,38097,3419
1897839,38099,4996
1898477,38101,31812
1899818,38103,1477
1900233,38105,28773
1901336,38999,2610
1904932,39001,6070
1905711,39003,50828
1907147,39005,18731
1908235,39007,30787
1909553,39009,20775
1910658,39011,21681
1911653,39013,22615
1912815,39015,8127
1913628,39017,155213
1915420,39019,6113
1916211,39021,10858
1917108,39023,47964
1918511,39025,59393
1920003,39027,17848
1920967,39029,29596
1922299,39031,10155
1923255,39033,12488
1924261,39035,726917
1926518,39037,18475
1927633,39039,15706
1928604,39041,88543
1930159,39043,37417
1931500,39045,43855
1932925,39047,11541
1933736,39049,756883
1935980,39051,18563
1936997,39053,11140
1937839,39055,35288
1939226,39057,75963
1940712,39059,15334
1941746,39061,518172
1943861,39063,45606
1945144,39065,8273
1945890,39067,3858
1946518,39069,11023
1947382,39071,10570
1948247,39073,6569
1949033,39075,19836
1950147,39077,21199
1951265,39079,10245
1952114,39081,20382
1953228,39083,20273
1954399,39085,95898
1956058,39087,12489
1956998,39089,59960
1958549,39091,19818
1959556,39093,98188
1961341,39095,209708
1963244,39097,17401
1964189,39099,97098
1965871,39101,25034
1967009,39103,61127
1968580,39105,3645
1969146,39107,20621
1970160,39109,40801
1971507,39111,2801
1972093,39113,254513
1974019,39115,2763
1974504,39117,5241
1975196,39119,33304
1976459,39121,3050
1977022,39123,13842
1978063,39125,4866
1978689,39127,6441
1979446,39129,14033
1980447,39131,9821
1981169,39133,54703
1982699,39135,10751
1983562,39137,11835
1984394,39139,50641
1985859,39141,29081
1986969,39143,26015
1988137,39145,23271
1989229,39147,19458
1990343,39149,27427
1991372,39151,160016
1993235,39153,266964
1995196,39155,66676
1996797,39157,36565
1998208,39159,34319
1999343,39161,11169
2000214,39163,2274
2000661,39165,94139
2002337,39167,25208
2003571,39169,48426
2005044,39171,17532
2006039,39173,66051
2007548,39175,9509
2008347,39999,120533
2012949,40001,4502
2013506,40003,1511
2013861,40005,3377
2014435,40007,1732
2014829,40009,10423
2015623,40011,3127
2016183,40013,18310
2017134,40015,7650
2017875,40017,36684
2019238,40019,23712
2020409,40021,15516
2021259,40023,4261
2021891,40025,734
2022174,40027,81487
2023688,40029,1189
2024014,40031,41909
2025346,40033,1564
2025663,40035,5425
2026328,40037,18756
2027496,40039,12879
2028437,40041,8788
2029301,40043,1763
2029746,40045,1214
2030110,40047,24297
2031334,40049,9825
2032086,40051,13125
2033117,40053,1378
2033480,40055,1080
2033807,40057,646
2034069,40059,1080
2034426,40061,3324
2034902,40063,3081
2035426,40065,9470
2036279,40067,1135
2036655,40069,4468
2037155,40071,17931
2038251,40073,6815
2038947,40075,1859
2039430,40077,2405
2039874,40079,12535
2040793,40081,6643
2041539,40083,7511
2042400,40085,6157
2042870,40087,9734
2043781,40089,10874
2044574,40091,3931
2045184,40093,2550
2045660,40095,4205
2046208,40097,13093
2047188,40099,5743
2047823,40101,29457
2049003,40103,4709
2049539,40105,1769
2049969,40107,2374
2050424,40109,456678
2052687,40111,9558
2053604,40113,6553
2054386,40115,12290
2055327,40117,3547
2055857,40119,33553
2057139,40121,16816
2058186,40123,18548
2059268,40125,22391
2060393,40127,2549
2060888,40129,883
2061229,40131,27188
2062460,40133,7369
2063175,40135,8855
2063961,40137,14382
2064890,40139,9778
2065595,40141,1794
2066001,40143,356691
2068062,40145,9093
2068910,40147,19288
2069916,40149,1973
2070388,40151,3400
2071013,40153,8801
2071923,40999,24194
2076078,41001,5544
2076946,41003,38072
2078218,41005,166077
2080205,41007,18808
2081363,41009,11635
2082399,41011,23091
2083669,41013,5893
2084494,41015,6576
2085334,41017,83189
2087157,41019,38522
2088529,41021,815
2088850,41023,2482
2089422,41025,2464
2089957,41027,14247
2090974,41029,89753
2092763,41031,6939
2093529,41033,27669
2094814,41035,23277
2096146,41037,2549
2096704,41039,156774
2098669,41041,18515
2099851,41043,47341
2101336,41045,12874
2102293,41047,156036
2104243,41049,6245
2104808,41051,512206
2107110,41053,20442
2108227,41055,856
2108528,41057,9653
2109451,41059,30897
2110711,41061,10173
2111632,41063,2572
2112266,41065,11647
2113274,41067,295495
2115201,41069,316
2115398,41071,36324
2116739,41999,24840
2121033,42001,35052
2122316,42003,701729
2124454,42005,16500
2125608,42007,52956
2127022,42009,15576
2128045,42011,173551
2129921,42013,58374
2131359,42015,22981
2132381,42017,266495
2134366,42019,86077
2135931,42021,50796
2137384,42023,1936
2137729,42025,16511
2138710,42027,68868
2140202,42029,251021
2142119,42031,13204
2143054,42033,29970
2144239,42035,13358
2145182,42037,24843
2146365,42039,30159
2147666,42041,134480
2149304,42043,184687
2151025,42045,224808
2152818,42047,14995
2153718,42049,122028
2155478,42051,39224
2156802,42053,1994
2157147,42055,59587
2158625,42057,5934
2159181,42059,12893
2160000,42061,12554
2160914,42063,29638
2162134,42065,15841
2163096,42067,6835
2163787,42069,98101
2165388,42071,242383
2167319,42073,28607
2168543,42075,50423
2169962,42077,193040
2171761,42079,144969
2173462,42081,51378
2174925,42083,15179
2175856,42085,46266
2177238,42087,15815
2178268,42089,56529
2179759,42091,496676
2181755,42093,15614
2182428,42095,115498
2184171,42097,27740
2185370,42099,7788
2186164,42101,687903
2188212,42103,11506
2189125,42105,5463
2189778,42107,49398
2191119,42109,16435
2192095,42111,24275
2193296,42113,1569
2193747,42115,9069
2194610,42117,12542
2195557,42119,17738
2196505,42121,17873
2197557,42123,14521
2198483,42125,88056
2200112,42127,15099
2201165,42129,133713
2202925,42131,9592
2203753,42133,179411
2205600,42999,172159
2208954,44001,13658
2210032,44003,75892
2211563,44005,40807
2212928,44007,287533
2214877,44009,53170
2216418,44999,10509
2220477,45001,5480
2221069,45003,60521
2222459,45005,2896
2222843,45007,65078
2224349,45009,3749
2224846,45011,5521
2225441,45013,67390
2227005,45015,52886
2228474,45017,4613
2228999,45019,254079
2231028,45021,21304
2231963,45023,9473
2232749,45025,15322
2233549,45027,6879
2234235,45029,10717
2235059,45031,20933
2236081,45033,8850
2236697,45035,35925
2237985,45037,5442
2238605,45039,5890
2239214,45041,64771
2240669,45043,23836
2241808,45045,275231
2243819,45047,28687
2244918,45049,4684
2245491,45051,131240
2247166,45053,9836
2247952,45055,17393
2249039,45057,24918
2250075,45059,22515
2251008,45061,3725
2251468,45063,119766
2253127,45065,1753
2253487,45067,6904
2254187,45069,6838
2254753,45071,14552
2255655,45073,24242
2256782,45075,28478
2257936,45077,36637
2259152,45079,223016
2261096,45081,4662
2261604,45083,141952
2263341,45085,37783
2264633,45087,7942
2265299,45089,9168
2265986,45091,95839
2267707,45999,62369
2271981,46003,946
2272260,46005,8660
2273105,46007,839
2273420,46009,1723
2273891,46011,18635
2274963,46013,20649
2276165,46015,1939
2276676,46017,520
2276821,46019,2876
2277472,46021,436
2277728,46023,3409
2278322,46025,1034
2278709,46027,5978
2279383,46029,16058
2280484,46031,828
2280716,46033,2434
2281337,46035,12159
2282275,46037,1898
2282802,46039,1317
2283217,46041,2156
2283626,46043,1060
2283963,46045,1159
2284363,46047,2474
2284979,46049,621
2285253,46051,3834
2285873,46053,1490
2286338,46055,771
2286667,46057,2009
2287103,46059,1391
2287512,46061,626
2287782,46063,463
2288004,46065,10672
2289033,46067,2609
2289510,46069,555
2289731,46071,712
2289993,46073,1461
2290320,46075,426
2290552,46077,1695
2290990,46079,5022
2291736,46081,11714
2292806,46083,22959
2294013,46085,1382
2294337,46087,1292
2294788,46089,575
2295050,46091,1623
2295478,46093,7199
2296468,46095,329
2296654,46097,751
2296974,46099,126800
2298720,46101,2613
2299198,46102,3688
2299520,46103,57449
2301163,46105,1111
2301557,46107,824
2301901,46109,3590
2302491,46111,541
2302724,46115,2375
2303223,46117,1233
2303599,46119,598
2303838,46121,2949
2304176,46123,2264
2304697,46125,2079
2305214,46127,9824
2306020,46129,2174
2306577,46135,12883
2307546,46137,303
2307706,46999,2261
2311023,47001,39287
2312151,47003,16274
2313080,47005,4068
2313677,47007,2121
2314058,47009,49666
2315410,47011,42152
2316688,47013,9457
2317487,47015,2203
2317989,47017,7219
2318645,47019,11145
2319462,47021,8515
2320293,47023,3687
2320806,47025,9023
2321547,47027,1458
2321891,47029,7736
2322605,47031,26570
2323705,47033,3731
2324205,47035,17849
2325195,47037,495791
2327185,47039,3645
2327660,47041,5788
2328250,47043,17605
2329198,47045,15310
2330136,47047,7851
2330945,47049,4892
2331475,47051,11610
2332402,47053,14061
2333349,47055,10512
2334170,47057,4009
2334668,47059,25230
2335730,47061,2033
2336130,47063,31280
2337250,47065,205565
2339140,47067,848
2339388,47069,6623
2340011,47071,8069
2340791,47073,12859
2341601,47075,4961
2342193,47077,7852
2342962,47079,11629
2343854,47081,3710
2344458,47083,1473
2344772,47085,5891
2345411,47087,1403
2345770,47089,13112
2346644,47091,4238
2347168,47093,239190
2349032,47095,1723
2349336,47097,6723
2349953,47099,10386
2350836,47101,2725
2351353,47103,9956
2352177,47105,15419
2353193,47107,18028
2354170,47109,5324
2354846,47111,4980
2355442,47113,59068
2356790,47115,7578
2357500,47117,9723
2358276,47119,35500
2359572,47121,2151
2359916,47123,14313
2360777,47125,54380
2362166,47127,2060
2362463,47129,3057
2362912,47131,10824
2363785,47133,5070
2364393,47135,1965
2364751,47137,1118
2365039,47139,2306
2365539,47141,36660
2366806,47143,10510
2367538,47145,18166
2368432,47147,22229
2369503,47149,130010
2371102,47151,5879
2371731,47153,2959
2372228,47155,47331
2373455,47157,499276
2375487,47159,5337
2376086,47161,2586
2376539,47163,68399
2377986,47165,53971
2379481,47167,11146
2380355,47169,1885
2380735,47171,4838
2381277,47173,2436
2381787,47175,806
2382020,47177,12687
2382928,47179,61447
2384292,47181,3645
2384761,47183,11178
2385573,47185,7131
2386249,47187,135127
2387834,47189,45902
2389180,47999,51773
2394033,48001,20268
2395283,48003,7587
2395947,48005,35312
2397198,48007,5292
2397938,48009,1788
2398396,48011,399
2398622,48013,13518
2399524,48015,10209
2400636,48017,2615
2401117,48019,3343
2401839,48021,18452
2403031,48023,1194
2403476,48025,8904
2404251,48027,118632
2405942,48029,866345
2408257,48031,3194
2408898,48033,203
2409086,48035,3660
2409754,48037,41316
2411092,48039,112612
2412765,48041,105294
2414378,48043,3896
2415042,48045,333
2415292,48047,2536
2415706,48049,15806
2416729,48051,4464
2417416,48053,14317
2418564,48055,9054
2419525,48057,11824
2420427,48059,2564
2420948,48061,139199
2422692,48063,3827
2423193,48065,4811
2423612,48067,7682
2424345,48069,2587
2424795,48071,15727
2425684,48073,14638
2426675,48075,2547
2427141,48077,1448
2427577,48079,652
2427857,48081,712
2428167,48083,2015
2428712,48085,416028
2430618,48087,873
2430999,48089,6823
2431819,48091,56907
2433375,48093,3681
2433942,48095,612
2434222,48097,14486
2435294,48099,16314
2436375,48101,404
2436615,48103,1382
2436922,48105,1513
2437370,48107,1367
2437749,48109,1124
2438121,48111,4560
2438733,48113,1708032
2441117,48115,4291
2441757,48117,7618
2442438,48119,1036
2442770,48121,246363
2444720,48123,7771
2445479,48125,447
2445683,48127,6624
2446224,48129,986
2446601,48131,3609
2447012,48133,8075
2447772,48135,78468
2449147,48137,397
2449398,48139,51932
2450897,48141,306358
2452960,48143,17043
2454045,48145,3210
2454603,48147,7770
2455410,48149,9379
2456318,48151,838
2456671,48153,1629
2457100,48155,372
2457355,48157,189321
2459250,48159,3062
2459729,48161,4716
2460392,48163,7483
2461044,48165,6325
2461794,48167,109295
2463507,48169,1836
2463922,48171,10790
2464973,48173,664
2465184,48175,1296
2465631,48177,7231
2466357,48179,7761
2467143,48181,46658
2468660,48183,74461
2470177,48185,7342
2470948,48187,41670
2472417,48189,11949
2473328,48191,813
2473661,48193,2552
2474189,48195,2220
2474612,48197,1245
2474986,48199,12991
2475848,48201,2307039
2478298,48203,23559
2479395,48205,2562
2479753,48207,1539
2480233,48209,70203
2481811,48211,2248
2482300,48213,17181
2483471,48215,261227
2485416,48217,9946
2486340,48219,10050
2487031,48221,16241
2488174,48223,12706
2489169,48225,6892
2490157,48227,13178
2491185,48229,1328
2491486,48231,29662
2492734,48233,8257
2493468,48235,877
2493704,48237,3604
2494217,48239,5831
2494886,48241,9865
2495748,48243,930
2496021,48245,123013
2497685,48247,1652
2498061,48249,16548
2498877,48251,47043
2500418,48253,2973
2501032,48255,6344
2501652,48257,31160
2502965,48259,16261
2504086,48261,572
2504219,48263,269
2504374,48265,18176
2505611,48267,1285
2506058,48269,118
2506163,48271,989
2506435,48273,11632
2507318,48275,1103
2507719,48277,21632
2508793,48279,3994
2509321,48281,4536
2510014,48283,3746
2510402,48285,5655
2511148,48287,7144
2511813,48289,4804
2512442,48291,18016
2513451,48293,7820
2514121,48295,1348
2514390,48297,3766
2514921,48299,4698
2515663,48301,125
2515765,48303,139727
2517531,48305,1629
2517931,48307,2954
2518495,48309,113463
2520311,48311,494
2520543,48313,4451
2521119,48315,1963
2521505,48317,2374
2521948,48319,1070
2522341,48321,10845
2523288,48323,17844
2524221,48325,9831
2525155,48327,414
2525453,48329,103858
2527038,48331,5320
2527759,48333,1251
2528154,48335,1932
2528620,48337,4795
2529358,48339,186706
2531247,48341,11002
2532042,48343,3610
2532499,48345,316
2532733,48347,22609
2533931,48349,16992
2535034,48351,1288
2535384,48353,5964
2536079,48355,164019
2537927,48357,4568
2538548,48359,983
2538825,48361,22667
2539979,48363,8736
2540837,48365,8878
2541593,48367,33744
2543027,48369,5833
2543543,48371,5734
2544237,48373,11375
2545192,48375,77646
2546809,48377,2127
2547262,48379,1974
2547774,48381,31624
2549015,48383,2043
2549368,48385,746
2549655,48387,2629
2550147,48389,7613
2550827,48391,2287
2551287,48393,256
2551476,48395,4211
2552098,48397,30788
2553387,48399,2867
2553877,48401,13479
2554818,48403,2291
2555301,48405,1816
2555672,48407,2066
2556184,48409,18720
2557200,48411,1862
2557675,48413,807
2557981,48415,6689
2558708,48417,1370
2559097,48419,8321
2559854,48421,995
2560209,48423,103578
2561854,48425,3777
2562352,48427,15190
2563091,48429,3194
2563665,48431,526
2563938,48433,479
2564214,48435,1816
2564591,48437,1908
2565024,48439,897988
2567291,48441,62354
2568848,48443,272
2569049,48445,3765
2569655,48447,449
2569887,48449,15790
2570781,48451,48054
2572316,48453,749932
2574592,48455,2240
2575057,48457,3733
2575680,48459,6887
2576445,48461,1575
2576717,48463,9810
2577654,48465,17911
2578776,48467,11174
2579771,48469,39058
2581159,48471,24830
2582219,48473,17251
2583255,48475,5701
2583810,48477,14795
2584861,48479,101421
2586314,48481,15916
2587338,48483,2118
2587763,48485,54887
2589335,48487,5967
2590011,48489,3584
2590602,48491,173143
2592378,48493,8519
2593234,48495,3539
2593677,48497,20398
2594782,48499,10006
2595722,48501,3615
2596230,48503,6804
2597028,48505,3607
2597427,48507,2503
2597861,48999,285715
2602845,49001,2809
2603343,49003,21101
2604502,49005,55723
2606014,49007,8451
2606883,49009,372
2607064,49011,129895
2608865,49013,7737
2609656,49015,3221
2610131,49017,2375
2610568,49019,5867
2611393,49021,18460
2612658,49023,3691
2613257,49025,3547
2613819,49027,4801
2614457,49029,2459
2615066,49031,279
2615233,49033,875
2615563,49035,701784
2617909,49037,4275
2618544,49039,8022
2619385,49041,9010
2620233,49043,27330
2621536,49045,16072
2622649,49047,12811
2623676,49049,243379
2625720,49051,9377
2626721,49053,67486
2628406,49055,1052
2628737,49057,106235
2632648,50001,14973
2633762,50003,17340
2634919,50005,10692
2635988,50007,102477
2637754,50009,1104
2638139,50011,17835
2639204,50013,1194
2639682,50015,12016
2640711,50017,7753
2641570,50019,11008
2642527,50021,26883
2643894,50023,33409
2645345,50025,21562
2646573,50027,23283
2647877,50999,8806
2651549,51001,13464
2652539,51003,56453
2653936,51005,3770
2654547,51007,2506
2655087,51009,8109
2655880,51011,3272
2656478,51013,178158
2658029,51015,27582
2659254,51017,2246
2659624,51019,18983
2660873,51021,1961
2661212,51023,10764
2662111,51025,3605
2662709,51027,6625
2663357,51029,3244
2663844,51031,17177
2664884,51033,5858
2665585,51035,6402
2666261,51036,1714
2666668,51037,2821
2667137,51041,138428
2668825,51043,3870
2669467,51045,733
2669768,51047,15951
2670891,51049,1306
2671269,51051,3258
2671746,51053,8893
2672379,51057,3714
2672971,51059,612537
2674977,51061,22417
2676168,51063,3464
2676785,51065,4299
2677453,51067,15227
2678474,51069,31997
2679683,51071,4606
2680275,51073,9521
2681210,51075,16366
2682016,51077,2980
2682517,51079,3680
2683106,51081,4530
2683524,51083,11857
2684460,51085,52764
2685931,51087,191595
2687702,51089,16111
2688638,51091,472
2688948,51093,10865
2689742,51095,30233
2690910,51097,1093
2691288,51099,11684
2691983,51101,4004
2692586,51103,4522
2693259,51105,4274
2693837,51107,169077
2695498,51109,9731
2696256,51111,2565
2696717,51113,3053
2697300,51115,1533
2697712,51117,11562
2698625,51119,3333
2699204,51121,42052
2700481,51125,4013
2701074,51127,4372
2701724,51131,4485
2702352,51133,2517
2702891,51135,5792
2703466,51137,9813
2704270,51139,5561
2704932,51141,4583
2705529,51143,12419
2706495,51145,7029
2707269,51147,9419
2708023,51149,14970
2708839,51153,130335
2710458,51155,14193
2711356,51157,1399
2711881,51159,2896
2712381,51161,38460
2713709,51163,6202
2714427,51165,33018
2715575,51167,6748
2716255,51169,4866
2716805,51171,14265
2717684,51173,12169
2718557,51175,3623
2719100,51177,36447
2720393,51179,44077
2721615,51181,2445
2721921,51183,3581
2722369,51185,14745
2723366,51187,12704
2724332,51191,20684
2725466,51193,3435
2726057,51195,11559
2726829,51197,11443
2727800,51199,21700
2728880,51510,91915
2730292,51520,9082
2731123,51530,2533
2731474,51540,40556
2732738,51550,101245
2734325,51570,10733
2735014,51580,3992
2735584,51590,26267
2736675,51595,3417
2737113,51600,19714
2738041,51610,12447
2738889,51620,4356
2739487,51630,25008
2740613,51640,5861
2741208,51650,54195
2742610,51660,31373
2743776,51670,7940
2744422,51678,4447
2744989,51680,52395
2746342,51683,22303
2747428,51685,3653
2747932,51690,9254
2748706,51700,101887
2750242,51710,142754
2751862,51720,3424
2752340,51730,13210
2753254,51735,1841
2753665,51740,44343
2754872,51750,5900
2755494,51760,155753
2757294,51770,66361
2758755,51775,20008
2759795,51790,11274
2760768,51800,31737
2761966,51810,178196
2763767,51820,9492
2764574,51830,13008
2765262,51840,25617
2766312,51999,124929
2771395,53001,8673
2772072,53003,6402
2772873,53005,89584
2774376,53007,45101
2775721,53009,23290
2777047,53011,161261
2778959,53013,1308
2779410,53015,38927
2780777,53017,12914
2781719,53019,1724
2782232,53021,34716
2783411,53023,677
2783641,53025,40328
2784923,53027,23186
2786117,53029,16671
2787305,53031,8872
2788387,53033,1393411
2790809,53035,89980
2792466,53037,15094
2793544,53039,7437
2794378,53041,26380
2795662,53043,2859
2796136,53045,14423
2797216,53047,17404
2798246,53049,6474
2799002,53051,3179
2799560,53053,310879
2801634,53055,5891
2802517,53057,52042
2804079,53059,2104
2804569,53061,287468
2806538,53063,223698
2808617,53065,10678
2809603,53067,116874
2811390,53069,738
2811761,53071,27826
2812996,53073,91253
2814804,53075,18893
2815769,53077,116232
2817392,53999,17685
2820871,54001,3442
2821403,54003,35270
2822646,54005,4753
2823172,54007,3714
2823775,54009,7730
2824432,54011,51797
2825800,54013,1151
2826115,54015,1274
2826431,54017,1675
2826760,54019,10392
2827605,54021,1861
2828007,54023,3304
2828564,54025,13115
2829560,54027,3725
2830210,54029,9443
2830959,54031,5902
2831525,54033,37160
2832740,54035,12029
2833559,54037,15521
2834558,54039,98225
2836138,54041,6237
2836835,54043,2281
2837279,54045,9774
2838081,54047,4283
2838577,54049,17698
2839614,54051,13201
2840330,54053,5365
2840988,54055,18947
2842047,54057,7828
2842735,54059,5338
2843388,54061,56778
2844650,54063,1887
2845109,54065,2787
2845663,54067,7283
2846488,54069,28616
2847615,54071,1464
2848037,54073,2701
2848444,54075,3155
2848913,54077,7259
2849658,54079,20571
2850754,54081,31444
2851970,54083,11208
2852879,54085,3181
2853342,54087,2880
2853861,54089,2071
2854318,54091,3160
2854868,54093,2580
2855325,54095,2134
2855724,54097,7339
2856532,54099,8152
2857280,54101,1644
2857665,54103,4456
2858270,54105,553
2858561,54107,35220
2859851,54109,4260
2860392,54999,28261
2864473,55001,4418
2865030,55003,8066
2865828,55005,22413
2866916,55007,4193
2867584,55009,159100
2869333,55011,3814
2869887,55013,4749
2870498,55015,13965
2871317,55017,24392
2872418,55019,11145
2873217,55021,22748
2874347,55023,7402
2875056,55025,336407
2877053,55027,35645
2878186,55029,13731
2879164,55031,15812
2880121,55033,17634
2881117,55035,58529
2882412,55037,1057
2882696,55039,47220
2883967,55041,3138
2884460,55043,17887
2885450,55045,15917
2886404,55047,6084
2887091,55049,10260
2887860,55051,1637
2888245,55053,8936
2888870,55055,33200
2890130,55057,9362
2890871,55059,66533
2892244,55061,6968
2892977,55063,69843
2894395,55065,4300
2894978,55067,7406
2895699,55069,11084
2896529,55071,33470
2897746,55073,71335
2899229,55075,18342
2900191,55077,3926
2900754,55078,2082
2900964,55079,488998
2902967,55081,20970
2903964,55083,9024
2904752,55085,16441
2905775,55087,108182
2907383,55089,42835
2908685,55091,2271
2909201,55093,10415
2910109,55095,15804
2911126,55097,33816
2912286,55099,5411
2912948,55101,75760
2914412,55103,5843
2915085,55105,67029
2916492,55107,5153
2917069,55109,34192
2918395,55111,36784
2919567,55113,6911
2920365,55115,12729
2921296,55117,61511
2922653,55119,8106
2923294,55121,14029
2924076,55123,8763
2924881,55125,7994
2925734,55127,42225
2927157,55129,5764
2927909,55131,56789
2929355,55133,243966
2931174,55135,19577
2932225,55137,6251
2932865,55139,93942
2934348,55141,38609
2935520,55999,56294
2939278,56001,15528
2940375,56003,4018
2941038,56005,24785
2942185,56007,6875
2942944,56009,5952
2943709,56011,2429
2944238,56013,15159
2945399,56015,4306
2946100,56017,1885
2946596,56019,3240
2947308,56021,46016
2948847,56023,6317
2949755,56025,38505
2951161,56027,891
2951533,56029,13729
2952725,56031,3611
2953388,56033,13317
2954522,56035,4099
2955234,56037,22275
2956354,56039,20959
2957534,56041,8219
2958411,56043,3618
2959135,56045,2269
2959699,56999,4173
2962637,72001,1597
2962946,72003,4204
2963546,72005,17322
2964384,72007,1655
2964712,72009,5468
2965182,72011,4919
2965611,72013,19890
2966480,72015,2162
2966706,72017,10269
2967138,72019,2975
2967585,72021,52391
2968784,72023,5330
2969400,72025,44256
2970540,72027,3571
2971005,72029,4761
2971522,72031,43810
2972655,72033,10390
2973208,72035,9333
2973806,72037,1148
2974130,72039,1506
2974422,72041,5753
2974981,72043,3222
2975483,72045,1611
2975786,72047,3794
2976256,72049,430
2976448,72051,8089
2977137,72053,9495
2977733,72054,1000
2977941,72055,2347
2978247,72057,9918
2978832,72059,2310
2979114,72061,48845
2980328,72063,6385
2980892,72065,8333
2981482,72067,2402
2981872,72069,14818
2982626,72071,6983
2983187,72073,2710
2983481,72075,6009
2984022,72077,6742
2984494,72079,3059
2984896,72081,3911
2985290,72083,1075
2985504,72085,7135
2985973,72087,1689
2986212,72089,1830
2986548,72091,13577
2987145,72093,1203
2987312,72095,1254
2987505,72097,28781
2988479,72099,4187
2988986,72101,2154
2989339,72103,2026
2989664,72105,2988
2990150,72107,2451
2990515,72109,1448
2990780,72111,2477
2991154,72113,44823
2992314,72115,1982
2992735,72117,1757
2993094,72119,4812
2993598,72121,3074
2993949,72123,3413
2994353,72125,8090
2994866,72127,242651
2996588,72129,3777
2997054,72131,5126
2997635,72133,5890
2998003,72135,3228
2998529,72137,12987
2999337,72139,9341
3000017,72141,3563
3000414,72143,4253
3000955,72145,7542
3001560,72147,1332
3001848,72149,3239
3002182,72151,2490
3002577,72153,5853
3003136,72999,2055
3004810,78010,14763
3005756,78020,1285
3006184,78030,17831
